wallet,hash,value,timestamp,contract,gas_spent
0x06b51c6882b27cb05e712185531c1f74996dd988,0x25b33b7a990646ab6c0f22d2c4e91fe563bbd9b02e361de589e7c1971e69e840,0,2020-10-16T00:16:57Z,0x39aa39c021dfbae8fac545936693ac917d5e7563,174552
0x0795732aacc448030ef374374eaae57d2965c16c,0x22d03ef2de5abcb5dd724279e59b050c995d6b6308ff31caccb0dfffdb6641e0,0,2020-11-25T13:13:37Z,0x39aa39c021dfbae8fac545936693ac917d5e7563,177613
0x0aaa79f1a86bc8136cd0d1ca0d51964f4e3766f9,0xe74e61815250aae8a2cab45a4ab4a98bcda6a3832591a0bac1ebc6b88967371a,0,2020-12-12T06:15:09Z,0x39aa39c021dfbae8fac545936693ac917d5e7563,174525
0x0fe383e5abc200055a7f391f94a5f5d1f844b9ae,0x936f794a8eed05ee88765e3ddabb666473210fb189867f647fbb0a38e7e986a6,0,2020-10-21T13:02:48Z,0x39aa39c021dfbae8fac545936693ac917d5e7563,174552
0x104ae61d8d487ad689969a17807ddc338b445416,0x44347e686635e8ae9efa4b2ba9703144ca6fd40921c7fa1446a0cdd7cca93a89,0,2020-12-16T05:19:37Z,0x39aa39c021dfbae8fac545936693ac917d5e7563,202745
0x111c7208a7e2af345d36b6d4aace8740d61a3078,0x47fd68c2456630239f0ae034543721a04e40d3a0d1637506780ae08991af1e30,0,2020-11-05T20:16:30Z,0x39aa39c021dfbae8fac545936693ac917d5e7563,133613
0x111c7208a7e2af345d36b6d4aace8740d61a3078,0x654be57c6882ccff265a146e897dfe6fde850baa1ca29a9a5314874fb3aed36b,0,2020-11-05T19:38:35Z,0x39aa39c021dfbae8fac545936693ac917d5e7563,202784
0x124853fecb522c57d9bd5c21231058696ca6d596,0x414296d05d8725ea110f5c1808ddaf906618f9515e843128ccc232462b1b68ad,0,2020-11-08T05:26:05Z,0x4ddc2d193948926d02f9b1fe9e1daa0718270ed5,118404
0x124853fecb522c57d9bd5c21231058696ca6d596,0x2b7ee51ffc617958dc0c13aa5622999cc5a030dd14bd09f60bbd9442bdbac869,0,2020-11-08T05:26:04Z,0x39aa39c021dfbae8fac545936693ac917d5e7563,177613
0x124853fecb522c57d9bd5c21231058696ca6d596,0xa90ebd659a734068cb11df27e1f90e8549c8b746b963d9f248fbe62a85b37373,6882000088691711,2020-11-08T05:01:17Z,0x4ddc2d193948926d02f9b1fe9e1daa0718270ed5,164190
0x13b1c8b0e696aff8b4fee742119b549b605f3cbc,0x398f8aa6cd81d63253e45a142a23bfa4d3c071ad58ff40d1cf50698078ea4739,0,2020-12-14T07:25:50Z,0x39aa39c021dfbae8fac545936693ac917d5e7563,202745
0x19df3e87f73c4aaf4809295561465b993e102668,0x8b25f39969785a8ccc313cfb7115feba3c8b08cf2fb5a505f3c2e8ab21c40e78,0,2020-10-15T02:22:54Z,0x39aa39c021dfbae8fac545936693ac917d5e7563,202784
0x1ab2ccad4fc97c9968ea87d4435326715be32872,0x0093fcd904c7e0ba382945264f5188cfcf58ee1ac6e39e782803c05939743263,0,2020-11-14T16:25:38Z,0x39aa39c021dfbae8fac545936693ac917d5e7563,174552
0x1c1b30ca93ef57452d53885d97a74f61daf2bf4f,0xe5412324009f1ee26da186aa63e5527aba5bf5940bf529d35890248b8920a4c9,0,2021-01-28T08:13:13Z,0x4ddc2d193948926d02f9b1fe9e1daa0718270ed5,154274
0x1c1b30ca93ef57452d53885d97a74f61daf2bf4f,0xaacb6ac5ec02d0fd22be64f4d06f5087ea50f3ac7df37de6fb8110a502a158f2,29741080044432412,2021-01-28T04:11:31Z,0x4ddc2d193948926d02f9b1fe9e1daa0718270ed5,138275
0x1c1b30ca93ef57452d53885d97a74f61daf2bf4f,0x3c2d194f9f5ca62de4aea6f5f142924cffe95a7a72b81b15d3d2bdc6496c365f,0,2021-01-26T08:13:59Z,0x4ddc2d193948926d02f9b1fe9e1daa0718270ed5,146488
0x1e43dacdcf863676a6bec8f7d6896d6252fac669,0x68623e77587f3c68cb2ab5fe6f0126afbf22c2ef027d35a80d2e9f80bdd54b1f,13131013300000000,2020-12-12T23:06:43Z,0x4ddc2d193948926d02f9b1fe9e1daa0718270ed5,135931
0x24b3460622d835c56d9a4fe352966b9bdc6c20af,0x6a3bbfa96b5b1e581b849fba04f1344a2ad3801cc2b54b36210aac7d4ac40244,0,2020-11-11T20:03:52Z,0x39aa39c021dfbae8fac545936693ac917d5e7563,174552
0x26750f1f4277221bdb5f6991473c6ece8c821f9d,0x712d88a35b59c76b64096b45284ab438f437193ce28e7dfe3e3e3f9bf991f12d,0,2020-12-14T06:09:36Z,0x39aa39c021dfbae8fac545936693ac917d5e7563,202745
0x27f72a000d8e9f324583f3a3491ea66998275b28,0xa11b3441eaa85bfd8fbdd210d4b7c12892176030137219975fd7ff49022d492c,0,2020-11-06T20:23:33Z,0x39aa39c021dfbae8fac545936693ac917d5e7563,174552
0x2844658bf341db96aa247259824f42025e3bcec2,0x7f72718cbd9c7ec66229d04dfe55ff02d93be623f2d1328d5ef06448c4b0e738,0,2020-12-15T23:00:30Z,0x39aa39c021dfbae8fac545936693ac917d5e7563,174525
0x2a2fde3e1beb508fcf7c137a1d5965f13a17825e,0x779b2d93061c731e809896fcae26cbdce1bc40ccc8455aecea20eef99d5891ec,0,2020-11-01T01:57:18Z,0x39aa39c021dfbae8fac545936693ac917d5e7563,174552
0x3361bea43c2f5f963f81ac70f64e6fba1f1d2a97,0x2b10999c6868498047202053ef5b0c4294ec22004c9fa27f71e56df114d16d18,0,2020-02-14T11:34:41Z,0x5d3a536e4d6dbd6114cc1ead35777bab948e3643,259162
0x3361bea43c2f5f963f81ac70f64e6fba1f1d2a97,0x7910abe65a277a1dcdf074167e22077038ae125a7a40dcfc1e67b9abbcbc08d1,0,2020-02-14T06:39:02Z,0x5d3a536e4d6dbd6114cc1ead35777bab948e3643,278347
0x3867d222ba91236ad4d12c31056626f9e798629c,0x3fffbd49fa8e0f40810da5e4fdd7f694d2726eba4096320128c4f7e2a461814a,0,2020-12-13T11:47:10Z,0x39aa39c021dfbae8fac545936693ac917d5e7563,174525
0x3a44be4581137019f83021eeee72b7dc57756069,0xd0b6db992ad492169d6280740a7e6993b37c1680ebe4df16db61385a92870d4b,0,2020-10-23T17:58:00Z,0x39aa39c021dfbae8fac545936693ac917d5e7563,174552
0x3e69ad05716bdc834db72c4d6d44439a7c8a902b,0xf6940ca619b3b3822ca89c5fc50cd24a6a76b96cffde125de54d9817dd78e321,0,2020-11-13T18:46:12Z,0x39aa39c021dfbae8fac545936693ac917d5e7563,174552
0x427f2ac5fdf4245e027d767e7c3ac272a1f40a65,0x545ecc1d1dcb7a4de45590b9963859137c60f25b0a1635b0cd37c8b044b09f0a,0,2024-12-07T14:00:35Z,0x4ddc2d193948926d02f9b1fe9e1daa0718270ed5,654671
0x427f2ac5fdf4245e027d767e7c3ac272a1f40a65,0xa10da53771e9830842c0a99b48dccef2a80711c76db721c84353e432da6c4dea,0,2024-12-07T02:05:11Z,0x4ddc2d193948926d02f9b1fe9e1daa0718270ed5,654671
0x427f2ac5fdf4245e027d767e7c3ac272a1f40a65,0x66a4ba85da6ea9e4054f4641d98e83e8259a5b544262db3310d5b099fd9db940,0,2023-03-18T23:10:47Z,0x39aa39c021dfbae8fac545936693ac917d5e7563,164437
0x427f2ac5fdf4245e027d767e7c3ac272a1f40a65,0xe29f058c8fc69540c12c409911f3774b70995be9ce084f630a5c09e0102d217a,30000000000000000,2023-01-29T18:01:35Z,0x4ddc2d193948926d02f9b1fe9e1daa0718270ed5,125988
0x427f2ac5fdf4245e027d767e7c3ac272a1f40a65,0x22c3548d46eac802a77424e7137b3f3d1431c59ed8c5918292dad0b8e1eda6ec,40000000000000000,2022-12-14T11:49:59Z,0x4ddc2d193948926d02f9b1fe9e1daa0718270ed5,128362
0x427f2ac5fdf4245e027d767e7c3ac272a1f40a65,0xdaa0cc52c6ec8a6be575025b1b839dbc8c84774085b87524397915fe49cf75d4,0,2022-12-11T21:08:47Z,0x39aa39c021dfbae8fac545936693ac917d5e7563,480784
0x427f2ac5fdf4245e027d767e7c3ac272a1f40a65,0x57ceb1281a219ef713738fada751f12a0ee7c7a1513fe30f1af340bcf6601c8b,250000000000000000,2022-12-11T21:06:59Z,0x4ddc2d193948926d02f9b1fe9e1daa0718270ed5,145462
0x427f2ac5fdf4245e027d767e7c3ac272a1f40a65,0xc9d4c72fe4f84384426e5262809da73b2ced8826c1646b9f623e1a72528db8eb,0,2022-12-02T11:50:47Z,0x39aa39c021dfbae8fac545936693ac917d5e7563,527215
0x427f2ac5fdf4245e027d767e7c3ac272a1f40a65,0x4e4b3744ec84099b69bf1906e3583b9a41d602cb9ddeaa880b2a04a81aacd95a,80000000000000000,2022-12-02T11:48:23Z,0x4ddc2d193948926d02f9b1fe9e1daa0718270ed5,159732
0x427f2ac5fdf4245e027d767e7c3ac272a1f40a65,0x5f750478652c74f2f460e062716931fb5999bd5269e3ac6a51e294518d76d4bd,0,2020-03-20T15:21:37Z,0x5d3a536e4d6dbd6114cc1ead35777bab948e3643,598374
0x427f2ac5fdf4245e027d767e7c3ac272a1f40a65,0xb84f486b7601790667606cc7704bbf09b5aad43df24213235c926a3a0674de51,0,2020-03-17T18:04:16Z,0x5d3a536e4d6dbd6114cc1ead35777bab948e3643,250412
0x427f2ac5fdf4245e027d767e7c3ac272a1f40a65,0x8156207efecfdb31d44e91118a57e1314036b669d9550197906bb20dadc49189,0,2020-03-16T17:50:02Z,0x5d3a536e4d6dbd6114cc1ead35777bab948e3643,242743
0x427f2ac5fdf4245e027d767e7c3ac272a1f40a65,0xf1a1c248a1cfb19360c02449ec9be3546d302e9a72c96c35be2a74b05099a304,0,2020-03-15T22:07:57Z,0x5d3a536e4d6dbd6114cc1ead35777bab948e3643,611165
0x427f2ac5fdf4245e027d767e7c3ac272a1f40a65,0xb04795d02586d4e3354bdc9131c7e53ca0a5358fa4ca5db952932e5b1fba5c65,0,2020-02-27T01:47:27Z,0x4ddc2d193948926d02f9b1fe9e1daa0718270ed5,434473
0x427f2ac5fdf4245e027d767e7c3ac272a1f40a65,0xc4700bc955b7c561fb4a7a74995cb1002049a9d608540e5270fa95466c18f4d0,0,2020-02-22T13:45:28Z,0x5d3a536e4d6dbd6114cc1ead35777bab948e3643,264103
0x427f2ac5fdf4245e027d767e7c3ac272a1f40a65,0xc974492fc9dcdd41508aa4b01d993c2bf06109e25c249ef6baf08395b1c299c7,0,2020-02-14T03:49:05Z,0x5d3a536e4d6dbd6114cc1ead35777bab948e3643,626407
0x4814be124d7fe3b240eb46061f7ddfab468fe122,0xd186425dc867b4ed57be0b86ab154fee40e4507f2d676d528e9480ee00aa96ae,0,2021-03-28T15:06:51Z,0x39aa39c021dfbae8fac545936693ac917d5e7563,345646
0x4814be124d7fe3b240eb46061f7ddfab468fe122,0x242f1e998d7117b126bcc9bcc8268532b38a8d909c25f420c3458853870504e0,0,2021-03-28T15:05:18Z,0x39aa39c021dfbae8fac545936693ac917d5e7563,230748
0x4814be124d7fe3b240eb46061f7ddfab468fe122,0x5df76792bf646731ff13ee004ba9123ad94d05a41c5728d00b4d810df94d62af,0,2021-03-28T14:59:28Z,0x5d3a536e4d6dbd6114cc1ead35777bab948e3643,47128
0x4814be124d7fe3b240eb46061f7ddfab468fe122,0x4afc1919c9a4dceb2a85486c2274448a21c525bb53035d7c2a2e12405fd39f18,0,2020-12-31T20:56:28Z,0x5d3a536e4d6dbd6114cc1ead35777bab948e3643,47128
0x4814be124d7fe3b240eb46061f7ddfab468fe122,0xd1b74dfac9ca5b61bc14c12ded15b2c6f5b7cf8d89f41a4c8492b37c933caf28,0,2020-12-26T22:11:36Z,0x39aa39c021dfbae8fac545936693ac917d5e7563,179942
0x4814be124d7fe3b240eb46061f7ddfab468fe122,0x43d6271ac9050fc36a96ada65339eaa51cc19bd166a8a4f3503200384e8f7ba5,0,2020-12-13T03:07:40Z,0x39aa39c021dfbae8fac545936693ac917d5e7563,176995
0x4814be124d7fe3b240eb46061f7ddfab468fe122,0xfbbef6c80b5a411a4fecd715820b40fa77102792c48f0abc2b3a48c2f0ccbe02,171526714639000860,2020-12-04T19:49:15Z,0x4ddc2d193948926d02f9b1fe9e1daa0718270ed5,664419
0x4814be124d7fe3b240eb46061f7ddfab468fe122,0xca1dd65651213efc41dceba7d6fd5729eb8b3403393b2aebae3439558edc20a1,404855334853492750,2020-11-24T06:16:37Z,0x4ddc2d193948926d02f9b1fe9e1daa0718270ed5,747246
0x4839e666e2baf12a51bf004392b35972eeddeabf,0xe751c54e2e3c9010c631cb3f9bbdfdb8f9419a58b03cd861b20a955eeb77cdde,0,2021-02-09T09:04:10Z,0x5d3a536e4d6dbd6114cc1ead35777bab948e3643,168571
0x4839e666e2baf12a51bf004392b35972eeddeabf,0x88b673c7d74e3cdaf79d9b6861b87a60afe85959ff56a115e733c9c9755e1417,0,2021-02-09T09:01:05Z,0x39aa39c021dfbae8fac545936693ac917d5e7563,180615
0x4839e666e2baf12a51bf004392b35972eeddeabf,0x0c053dc9f2e726c573a21ae77290cc48698aad45dd5bd08a70c448c3d732a6e2,0,2020-12-29T17:46:39Z,0x5d3a536e4d6dbd6114cc1ead35777bab948e3643,172788
0x4839e666e2baf12a51bf004392b35972eeddeabf,0xdf7e217c91157c6bbc0f74ecb3fcd8d928ea36f3a126402337c1b5c41a0265e2,0,2020-12-29T17:23:48Z,0x5d3a536e4d6dbd6114cc1ead35777bab948e3643,183550
0x4839e666e2baf12a51bf004392b35972eeddeabf,0x09c8a7f8946acc01021c805816509a7162e430264501902c93facf3c37b3e21b,0,2020-12-29T17:22:50Z,0x39aa39c021dfbae8fac545936693ac917d5e7563,205704
0x4c4d05fe859279c91b074429b5fc451182cec745,0xf633aca0adfe4b70f606b6c8a368ebc7a6baa87762906c4831862c65097d1822,4188499200000000,2020-12-17T22:27:43Z,0x4ddc2d193948926d02f9b1fe9e1daa0718270ed5,135931
0x4db0a72edb5ea6c55df929f76e7d5bb14e389860,0xe4ce9997682cd3d2edb2d5484369866d44c989ab1aba814aece20a989d388bae,0,2020-11-22T22:30:03Z,0x39aa39c021dfbae8fac545936693ac917d5e7563,205845
0x4e61251336c32e4fe6bfd5fab014846599321389,0x2d3a247405f5f5d334dacda655161aa5a96a146c45afbbc657ca309de8772cd6,0,2020-12-14T18:07:54Z,0x39aa39c021dfbae8fac545936693ac917d5e7563,202745
0x4e6e724f4163b24ffc7ffe662b5f6815b18b4210,0x8e50f062366d60d9e82f09023632a9d54b107f568bfefb8bf5466fdd3d2c635a,0,2020-10-28T22:57:02Z,0x39aa39c021dfbae8fac545936693ac917d5e7563,174552
0x507b6c0d950702f066a9a1bd5e85206f87b065ba,0xd90cfcf39972bec7cd9021ceddbf31f48ae7a7f3efbfbe6249adb7e50e2b55bc,0,2021-10-04T15:51:10Z,0x4ddc2d193948926d02f9b1fe9e1daa0718270ed5,130614
0x507b6c0d950702f066a9a1bd5e85206f87b065ba,0x5685cf6cfc275ed26bc6889f6bcb4b0f0726d23863847d59c2e3b4cb47dd9ca2,7038252070390801,2021-08-14T23:26:21Z,0x4ddc2d193948926d02f9b1fe9e1daa0718270ed5,146231
0x507b6c0d950702f066a9a1bd5e85206f87b065ba,0x7194299214f7c6014eb05d2fd27894aab2422bfef63f421008b08a018704f6a0,45906400100000000,2021-08-14T19:19:24Z,0x4ddc2d193948926d02f9b1fe9e1daa0718270ed5,160493
0x56ba823641bfc317afc8459bf27feed6eb9ff59f,0x9b19f476e93f69feb63440b5fcb1ac8297930a3b2738f232b15785d361417309,0,2020-11-19T11:31:25Z,0x39aa39c021dfbae8fac545936693ac917d5e7563,177613
0x56cc2bffcb3f86a30c492f9d1a671a1f744d1d2f,0x7875e4b5c9229539fcb3dd9128dde1329de7bfafd86830598d5ac367ecab260a,0,2020-11-03T19:55:26Z,0x39aa39c021dfbae8fac545936693ac917d5e7563,174552
0x578cea5f899b0dfbf05c7fbcfda1a644b2a47787,0xbb5c9f59e065dcb5999bdb227f16f44f28e3762e3326899e2d3b6a1756167fac,0,2020-11-21T17:35:57Z,0x39aa39c021dfbae8fac545936693ac917d5e7563,177613
0x58c2a9099a03750e9842d3e9a7780cdd6aa70b86,0x1e4823d1fa696f94a1e4eba4adf25e440ce287afb2b4a1212e8518f2fa4501aa,0,2020-11-04T11:36:32Z,0x39aa39c021dfbae8fac545936693ac917d5e7563,174552
0x58d68d4bcf9725e40353379cec92b90332561683,0x66ca24673a5f597e9fa4d8d9f9f7d336e622f0a9c21c1c3b61af15da4c88aa9e,0,2025-01-27T02:16:47Z,0x4ddc2d193948926d02f9b1fe9e1daa0718270ed5,46000
0x58d68d4bcf9725e40353379cec92b90332561683,0x6b4dde2708430c5d1d53579d551900ae8ebbf3aa0f501e91c4d138c9f74497dd,0,2023-09-30T16:21:23Z,0x4ddc2d193948926d02f9b1fe9e1daa0718270ed5,46408
0x58d68d4bcf9725e40353379cec92b90332561683,0xb547c31e0769e4078e3676a9d2a1b8c36fff6540726607423e8a0432a129bffb,0,2021-10-29T16:41:34Z,0x4ddc2d193948926d02f9b1fe9e1daa0718270ed5,46408
0x58d68d4bcf9725e40353379cec92b90332561683,0x1f585c52878cdb3da41cf873459df5040a80ba68103d58775e1fffef9d80152a,1706193482340897,2020-12-13T10:08:00Z,0x4ddc2d193948926d02f9b1fe9e1daa0718270ed5,153389
0x58d68d4bcf9725e40353379cec92b90332561683,0xe588ff427518704b82e44bc3c278e366a8a989a563f9bc9c9b7dbe2e671ec771,12493460700000000,2020-12-12T19:50:11Z,0x4ddc2d193948926d02f9b1fe9e1daa0718270ed5,164151
0x5e324b4a564512ea7c93088dba2f8c1bf046a3eb,0x94f286638b16ac9750ee643eb941f331293740bb206cfe59d044d0df4d8e065c,0,2020-11-19T23:07:03Z,0x39aa39c021dfbae8fac545936693ac917d5e7563,177613
0x612a3500559be7be7703de6dc397afb541a16f7f,0xe85bf396ff913eb4f7cf2e32559c99512ef9927b333e9ca93bad3c7f4c0b6e77,0,2021-03-09T10:22:38Z,0x4ddc2d193948926d02f9b1fe9e1daa0718270ed5,230359
0x612a3500559be7be7703de6dc397afb541a16f7f,0xe404727c4499af13f8466fb5a42809dce9073698236158ed9efc3cb9085315d9,0,2021-03-05T10:20:25Z,0x39aa39c021dfbae8fac545936693ac917d5e7563,178203
0x612a3500559be7be7703de6dc397afb541a16f7f,0xa4f94b3920d639804348cdbfc18b90e6262d5cbc0659dc42fa44b45e4351576e,0,2021-03-03T12:08:02Z,0x39aa39c021dfbae8fac545936693ac917d5e7563,192851
0x612a3500559be7be7703de6dc397afb541a16f7f,0x4e7c76e45bb3f6cf5ffdfe6670415b5abc8816cbea332b1a16d55bba8f74619f,5650000000000000000,2021-03-03T11:24:26Z,0x4ddc2d193948926d02f9b1fe9e1daa0718270ed5,164037
0x6a2752a534faacaaa153bffbb973dd84e0e5497b,0xe475415388e95e1c8e06257d7a143feaef862cf6c32244c99e61be473c445e87,1000000000000000,2020-12-20T09:15:20Z,0x4ddc2d193948926d02f9b1fe9e1daa0718270ed5,164151
0x6d69ca3711e504658977367e13c300ab198379f1,0x4d7bc5327f90bac17b337ad22e1b95a74a357126e313f615098328506a600baf,0,2020-11-03T12:59:51Z,0x39aa39c021dfbae8fac545936693ac917d5e7563,174552
0x6e355417f7f56e7927d1cd971f0b5a1e6d538487,0x0043063f9d3f4a6ac6ad313170fbf9ffa377b4478cd47f4500404cd0c12091cd,0,2020-11-24T17:38:02Z,0x39aa39c021dfbae8fac545936693ac917d5e7563,195751
0x6e355417f7f56e7927d1cd971f0b5a1e6d538487,0x882c50722a2838c7d2f268ef8ff76bb0ccc814db65b45625d9793dcec5054b35,0,2020-11-21T03:21:05Z,0x39aa39c021dfbae8fac545936693ac917d5e7563,205845
0x70c1864282599a762c674dd9d567b37e13bce755,0xf92a26260d7c832c963b60d6675dfdb3387ab22d6a9bd225750e39bb9d93d975,0,2020-11-09T21:53:47Z,0x39aa39c021dfbae8fac545936693ac917d5e7563,202784
0x70d8e4ab175dfe0eab4e9a7f33e0a2d19f44001e,0x12334f3cdb54f64f501437217fb7d91e2acb9b108590e08d1b042e42e4cd2348,0,2020-05-30T11:17:19Z,0x39aa39c021dfbae8fac545936693ac917d5e7563,397387
0x70d8e4ab175dfe0eab4e9a7f33e0a2d19f44001e,0x3a92f60ebc6d5e64b412b50a6f3b2c8c84f0e515441183e4b24b53bd8f643681,0,2020-05-30T10:14:49Z,0x5d3a536e4d6dbd6114cc1ead35777bab948e3643,492904
0x70d8e4ab175dfe0eab4e9a7f33e0a2d19f44001e,0x6507e6f8d1a5e2c26d7dae262cccb98f665d9373988b469bb030aafff5e73e30,0,2020-05-27T06:06:13Z,0x4ddc2d193948926d02f9b1fe9e1daa0718270ed5,323137
0x70d8e4ab175dfe0eab4e9a7f33e0a2d19f44001e,0xa1f560c67e3042b7ae88de6fec66c338ee165d847f8ac87615d36e7d48e7f40b,473900000000000000,2020-05-09T12:37:19Z,0x4ddc2d193948926d02f9b1fe9e1daa0718270ed5,105684
0x70d8e4ab175dfe0eab4e9a7f33e0a2d19f44001e,0x404a8e50ddc2bbc7bff6845ed2e0fe4045515df64384bd2c8a4bd4933dd57cdf,519000000000000000,2020-05-09T12:13:11Z,0x4ddc2d193948926d02f9b1fe9e1daa0718270ed5,120684
0x7399dbeebe2f88bc6ac4e3fd7ddb836a4bce322f,0xab35f3cfcb0b7a521d0167d0ae3c0bab12e192d0ee3a7747a579c440a1d4903a,0,2020-11-21T22:17:11Z,0x39aa39c021dfbae8fac545936693ac917d5e7563,177613
0x767055590c73b7d2aaa6219da13807c493f91a20,0x51803bacbfbf0a2d3b3b4d620fdba80142e172f5c87655be291f0ab7fe80f4da,0,2020-11-08T05:35:38Z,0x39aa39c021dfbae8fac545936693ac917d5e7563,205845
0x7b4636320daa0bc055368a4f9b9d01bd8ac51877,0x297cb7964dd4f990f73e053798b5d773f2736bc96127ffbfa8e871eb31dfd4d1,0,2020-11-12T04:39:56Z,0x39aa39c021dfbae8fac545936693ac917d5e7563,202784
0x7b57dbe2f2e4912a29754ff3e412ed9507fd8957,0x5e28ebeb2b115ec55bf39b9aaae18e5813606f8d57faa0e348704b27f8a3bd25,0,2020-11-07T18:13:10Z,0x4ddc2d193948926d02f9b1fe9e1daa0718270ed5,131624
0x7b57dbe2f2e4912a29754ff3e412ed9507fd8957,0x5a6ebb79449700093949b3ecce693f63bdb23155e425948e2402c4c4cbd7937c,0,2020-11-07T18:12:36Z,0x4ddc2d193948926d02f9b1fe9e1daa0718270ed5,161636
0x7b57dbe2f2e4912a29754ff3e412ed9507fd8957,0x1a24ad655c7d246614a7478d11eaccc0d03f988be2c37c6a4ebdac0d21683dca,6569151265656477,2020-11-06T23:27:37Z,0x4ddc2d193948926d02f9b1fe9e1daa0718270ed5,164190
0x7be3dfb5b6fcbae542ea85e76cc19916a20f6c1e,0xc779690c33dcaef8edb588077a6bd05e7f1fd187a464f4d0020b55c39af44194,3282524763138884,2020-11-08T01:41:49Z,0x4ddc2d193948926d02f9b1fe9e1daa0718270ed5,125196
0x7be3dfb5b6fcbae542ea85e76cc19916a20f6c1e,0x92912733535ea23eeeb22824abf95c29e9aa17d54d076b915a1e15f5700a156d,9030160736861116,2020-11-08T01:24:39Z,0x4ddc2d193948926d02f9b1fe9e1daa0718270ed5,135958
0x7de76a449cf60ea3e111ff18b28e516d89532152,0xffc60d93cbf54b0e4c3e49cca9267830b5dbfc31bf77c828e83bf50bdde835b3,0,2020-11-05T05:18:47Z,0x39aa39c021dfbae8fac545936693ac917d5e7563,174552
0x7e3eab408b9c76a13305ef34606f17c16f7b33cc,0xecad0c9227ee3165f113fc8bd3ad5d037a7ef6d8bcb5e6d202c55a251ae90a6d,0,2020-05-08T00:36:25Z,0x5d3a536e4d6dbd6114cc1ead35777bab948e3643,242125
0x7e3eab408b9c76a13305ef34606f17c16f7b33cc,0x10ca68b7c3fe266904d262c2ab20facb4f5bacb6c3c59b90aba08bf6dec07ffe,0,2020-01-30T19:53:43Z,0x5d3a536e4d6dbd6114cc1ead35777bab948e3643,263770
0x7e3eab408b9c76a13305ef34606f17c16f7b33cc,0x2198b481324790a1f82ca66bf1f013cd7915bd83008b783fe261eeec2b31285b,0,2020-01-30T19:24:16Z,0x5d3a536e4d6dbd6114cc1ead35777bab948e3643,239641
0x7f5e6a28afc9fb0aaf4259d4ff69991b88ebea47,0xd0b585b3b57845d2984234e7010aab6692995674cb232e64decd745b1d8ce24d,0,2020-12-12T19:47:53Z,0x39aa39c021dfbae8fac545936693ac917d5e7563,174525
0x83ea74c67d393c6894c34c464657bda2183a2f1a,0x1b74fd0f2295290791ebed0c6bf320370efaf2a2e2b2d5a8729e5d908db70593,0,2020-11-05T19:07:15Z,0x39aa39c021dfbae8fac545936693ac917d5e7563,174552
0x8441fecef5cc6f697be2c4fc4a36feacede8df67,0x5084d42e338f50956022f138315b7473edfd6ec6fc5578f486e1167a22321d04,0,2021-07-10T04:55:45Z,0x4ddc2d193948926d02f9b1fe9e1daa0718270ed5,135322
0x8441fecef5cc6f697be2c4fc4a36feacede8df67,0x7a55f44334ed4a71cc03396e2e6b1ea307743dc313089bf80e5ad333ffd17a50,19409020000000000,2020-10-15T04:58:04Z,0x4ddc2d193948926d02f9b1fe9e1daa0718270ed5,135958
0x854a873b8f9bfac36a5eb9c648e285a095a7478d,0x8cde1793ea422a714d01a64a39be76c16d74a78e1cba1d70b93632fa5ab2e078,0,2020-11-19T10:27:47Z,0x39aa39c021dfbae8fac545936693ac917d5e7563,177613
0x8587d9f794f06d976c2ec1cfd523983b856f5ca9,0x5e35aadefedce8d3a23de62660e21cc6112906e76dc32335f58f7b561be7ef31,0,2020-11-15T00:57:18Z,0x39aa39c021dfbae8fac545936693ac917d5e7563,202784
0x880a0af12da55df1197f41697c1a1b61670ed410,0x19fb80521fa45d4b4608b1661d58261597c0022b4b5e5110618433c0e2c4dc59,0,2020-11-04T17:53:55Z,0x39aa39c021dfbae8fac545936693ac917d5e7563,149458
0x880a0af12da55df1197f41697c1a1b61670ed410,0xacb44b81513efef8d176d156abdcac570f42cf8868ab4e9fabc5275fe938954a,0,2020-11-04T17:46:52Z,0x4ddc2d193948926d02f9b1fe9e1daa0718270ed5,146636
0x880a0af12da55df1197f41697c1a1b61670ed410,0xbde15bc19db81c3b5e3e4e9ffc946ec9f578fd5aef45e82dde6dd3ae80b2403c,0,2020-11-04T17:46:18Z,0x39aa39c021dfbae8fac545936693ac917d5e7563,174552
0x880a0af12da55df1197f41697c1a1b61670ed410,0xa65021900175296de1e20d5e288a51bd9c428af9da590af39855468d2a597bdb,7358351729212656,2020-11-04T17:32:50Z,0x4ddc2d193948926d02f9b1fe9e1daa0718270ed5,164190
0x8aaece100580b749a20f8ce30338c4e0770b65ed,0x6940a7e4d86029a9ed4c1fa4426e2d34a63a187d08a1a09af068afca8d5cdbc3,0,2020-10-15T17:12:00Z,0x39aa39c021dfbae8fac545936693ac917d5e7563,174552
0x8be38ea2b22b706aef313c2de81f7d179024dd30,0x027e4e7cad5eb20ead902a9c925b419333538bf30aa6dcae9cd91d93e3bbcd19,0,2021-06-01T16:33:35Z,0x39aa39c021dfbae8fac545936693ac917d5e7563,267659
0x8be38ea2b22b706aef313c2de81f7d179024dd30,0x6edb47bfd16a77f6a9bd7fabbc62f77d94e59b453cfbdaf9457a15b989e8b1c7,0,2021-05-06T10:21:53Z,0x4ddc2d193948926d02f9b1fe9e1daa0718270ed5,254048
0x8be38ea2b22b706aef313c2de81f7d179024dd30,0x6f24f17201309eb6b03601e6abb88a212bca97f202b83500fc11b9a9010b545b,0,2021-05-06T10:07:11Z,0x4ddc2d193948926d02f9b1fe9e1daa0718270ed5,33202
0x8be38ea2b22b706aef313c2de81f7d179024dd30,0x90c9c8f1d5491112110785a02bd77ae541fb431fdc9f1e71da462e4a23589865,0,2021-05-04T09:31:45Z,0x4ddc2d193948926d02f9b1fe9e1daa0718270ed5,33202
0x8be38ea2b22b706aef313c2de81f7d179024dd30,0xf2de31be9737ae550b686e32b7c782455042f7a56fba8b68edaa955019091137,0,2021-05-01T09:24:52Z,0x4ddc2d193948926d02f9b1fe9e1daa0718270ed5,33202
0x8be38ea2b22b706aef313c2de81f7d179024dd30,0x3d2daf1a02abbb1a7de379b04780f72adf5afe411de02c1e2a6d673f55a48255,0,2021-04-16T23:42:54Z,0x39aa39c021dfbae8fac545936693ac917d5e7563,38175
0x8be38ea2b22b706aef313c2de81f7d179024dd30,0x87de5564e164e115d943fcaee62b76a8f7cefbda0e1670de3e7ae547d91d73e9,0,2021-04-16T23:42:54Z,0x4ddc2d193948926d02f9b1fe9e1daa0718270ed5,32000
0x8be38ea2b22b706aef313c2de81f7d179024dd30,0x9dab842387b8a20248da2ee10b71d21037280232d5f5a2d747a0d397934e8ebf,0,2021-04-16T23:42:54Z,0x4ddc2d193948926d02f9b1fe9e1daa0718270ed5,33202
0x8be38ea2b22b706aef313c2de81f7d179024dd30,0xe8144bcbf615e926fe1d72929ac1397112bd7478f298f083a6afd548c450ae2e,0,2021-04-16T23:42:53Z,0x4ddc2d193948926d02f9b1fe9e1daa0718270ed5,33202
0x8be38ea2b22b706aef313c2de81f7d179024dd30,0x9eb0bff4843155de6e794ab05913d6acc1da7ba76885411c9e50aeb4731f2ec0,0,2021-04-16T22:48:17Z,0x4ddc2d193948926d02f9b1fe9e1daa0718270ed5,30202
0x8be38ea2b22b706aef313c2de81f7d179024dd30,0x59040ea8f7c48aaab8c3e0ab020ac1ab7ce522fe5ff6888f6c231375b37ac4e0,0,2021-04-16T17:25:05Z,0x4ddc2d193948926d02f9b1fe9e1daa0718270ed5,30202
0x8be38ea2b22b706aef313c2de81f7d179024dd30,0xe8a7d557623bad58aea20bc5f2f8d1a4f2d54a9ebb58dabdfddac90e2b2fab4f,0,2021-04-16T17:25:05Z,0x39aa39c021dfbae8fac545936693ac917d5e7563,31001
0x8be38ea2b22b706aef313c2de81f7d179024dd30,0xdc972d7ef3365d4b72a6f9688f22e664f2e86b04d1e10aaefb71323ee8835895,0,2021-04-16T17:22:32Z,0x4ddc2d193948926d02f9b1fe9e1daa0718270ed5,38655
0x8be38ea2b22b706aef313c2de81f7d179024dd30,0x217c648b5f70c37f150e1db765112e662f06e2437b0bfe80b1502c9aaaa7f5ee,0,2021-04-16T15:14:28Z,0x4ddc2d193948926d02f9b1fe9e1daa0718270ed5,31001
0x8be38ea2b22b706aef313c2de81f7d179024dd30,0x801aadb7b05c84dfd63c5154878edbf25006bdad9f1940e1ac36168bdd704952,0,2021-04-11T17:37:31Z,0x39aa39c021dfbae8fac545936693ac917d5e7563,188784
0x8be38ea2b22b706aef313c2de81f7d179024dd30,0x17d165f70fba8374202b283adba2016c026ecb93b6570cce87fc6f5368a81514,72149270000000000,2021-04-11T10:12:04Z,0x4ddc2d193948926d02f9b1fe9e1daa0718270ed5,164037
0x91919344c1dad09772d19ad8ad4f1bcd29c51f27,0x35fa199c9cb7081def7cef4dbe28e92430e39c17d66ffd2f1810ec61a1950e76,0,2020-11-13T20:25:02Z,0x39aa39c021dfbae8fac545936693ac917d5e7563,174552
0x93f0891bf71d8abed78e0de0885bd26355bb8b1d,0x89d26b76856fb8f2c0719922f0993e684527e7b5fe696ab323f268ec1db1ad2a,1785120000000000,2020-10-20T19:11:57Z,0x4ddc2d193948926d02f9b1fe9e1daa0718270ed5,164190
0x93f0891bf71d8abed78e0de0885bd26355bb8b1d,0x71c58ca94692cba888dae68c648040ab91b4f9dc3742fa0bafd6ae8d78538fd4,0,2020-10-20T19:02:45Z,0x39aa39c021dfbae8fac545936693ac917d5e7563,202784
0x96bb4447a02b95f1d1e85374cffd565eb22ed2f8,0x454e322f2a05c4e41652577e0fc464994103114f1c3462687c586f8576cbc2a2,14858572900000000,2020-11-28T16:19:14Z,0x4ddc2d193948926d02f9b1fe9e1daa0718270ed5,135958
0x9ad1331c5b6c5a641acffb32719c66a80c6e1a17,0x157ba433208bb67328910478bad4291f2ae4a7d3e4a1223892966757d228ae7d,1357625784028890,2020-10-17T11:13:30Z,0x4ddc2d193948926d02f9b1fe9e1daa0718270ed5,153428
0x9ad1331c5b6c5a641acffb32719c66a80c6e1a17,0x8552d771ca4f75ee6ea165f76c343726741a563f707605b833c8d76de4697907,10859826785762767,2020-10-17T11:11:00Z,0x4ddc2d193948926d02f9b1fe9e1daa0718270ed5,164190
0x9ba0d85f71e145ccf15225e59631e5a883d5d74a,0xde0e149e8e6db3122712077bf4b9f0056d143c8c7995cc600394999259a17679,0,2025-07-04T02:25:11Z,0x4ddc2d193948926d02f9b1fe9e1daa0718270ed5,242753
0x9ba0d85f71e145ccf15225e59631e5a883d5d74a,0xe6f502af6c8e7729299773054f7e0c74e062d94294b88cf5befec502d6cfc309,5078720162519045,2020-11-25T16:36:57Z,0x4ddc2d193948926d02f9b1fe9e1daa0718270ed5,164190
0x9e6ec4e98793970a1307262ba68d37594e58cd78,0x9db3d75e2e2d44666172075c55402b8dad4688ec7e52912f74757a47f0048865,0,2020-07-06T16:39:58Z,0x39aa39c021dfbae8fac545936693ac917d5e7563,44008
0xa98dc64bb42575efec7d1e4560c029231ce5da51,0x865dd1b2dda5b5ce37ca7c5d70e609e8c7bf374ede0b0a19dfdad0f95de3cd43,0,2020-11-01T17:23:28Z,0x39aa39c021dfbae8fac545936693ac917d5e7563,205845
0xb271ff7090b39028eb6e711c3f89a3453d5861ee,0x50cd35de8c8da3a465b58892e303fe09ab22d2ada34c44305f4cace90ba839c4,5526517163908297,2020-10-18T02:45:58Z,0x4ddc2d193948926d02f9b1fe9e1daa0718270ed5,164190
0xb271ff7090b39028eb6e711c3f89a3453d5861ee,0x1ac718761e0de5fcc932df431022d8e7d59b6382e54437a7afbbff9897c2757c,0,2020-10-18T02:43:51Z,0x39aa39c021dfbae8fac545936693ac917d5e7563,175102
0xb271ff7090b39028eb6e711c3f89a3453d5861ee,0x25d8d30a56ed84dff9c88953408fa7fd28ae8daf06db33b74b657c0616ff5965,0,2020-10-18T02:42:09Z,0x39aa39c021dfbae8fac545936693ac917d5e7563,217784
0xb475576594ae44e1f75f534f993cbb7673e4c8b6,0x1d8f6a7690188f33c0b6b39e40961a91c9237e218384e3e5f52eaaeb932cc969,0,2020-11-08T21:10:43Z,0x39aa39c021dfbae8fac545936693ac917d5e7563,194533
0xb57297c5d02def954794e593db93d0a302e43e5c,0x9298157605e9fccd7fcfd2a281576b192c4477cdde3a87c40f30abed0fec6037,0,2020-11-17T09:40:15Z,0x39aa39c021dfbae8fac545936693ac917d5e7563,202784
0xb57297c5d02def954794e593db93d0a302e43e5c,0x0e3305da21830b235094905705431284a36159d5dcb5b1b0eede71cdd376b344,8741999977827072,2020-11-17T09:06:06Z,0x4ddc2d193948926d02f9b1fe9e1daa0718270ed5,164190
0xc179d55f7e00e789915760f7d260a1bf6285278b,0x5821d86a8a564c9cf9c1c2fec633045c40918e13461f07e1f650eae1c40812be,0,2020-12-13T16:48:27Z,0x39aa39c021dfbae8fac545936693ac917d5e7563,163763
0xc179d55f7e00e789915760f7d260a1bf6285278b,0x8a75c3cef739ed54d0105338c114ec3123956d3c3d5a2dc2a93cabae6a8fa6ea,0,2020-12-13T15:10:14Z,0x39aa39c021dfbae8fac545936693ac917d5e7563,174525
0xc22b8e78394ce52e0034609a67ae3c959daa84bc,0x6af423751d539c777bc441bd51adb4ae1a0ec2760022aed9225f38fbef1f6939,0,2021-01-18T23:40:53Z,0x5d3a536e4d6dbd6114cc1ead35777bab948e3643,168571
0xc22b8e78394ce52e0034609a67ae3c959daa84bc,0x76befdeab09ed113ebdeccc08fcf610132327c679487d147cae0680c407aab36,0,2021-01-16T17:37:52Z,0x5d3a536e4d6dbd6114cc1ead35777bab948e3643,165045
0xc22b8e78394ce52e0034609a67ae3c959daa84bc,0x39a64402b4642a2cc679a06f031d846d9077c86cc02115e1fbe492c7d77e4ebe,0,2021-01-13T23:01:31Z,0x5d3a536e4d6dbd6114cc1ead35777bab948e3643,175819
0xcbbd9fe837a14258286bbf2e182cbc4e4518c5a3,0xe7e4746468bf46616fe05cfd385dddafb559d75389b9e4596244daed92c86a54,0,2021-03-29T23:47:33Z,0x4ddc2d193948926d02f9b1fe9e1daa0718270ed5,182429
0xcbbd9fe837a14258286bbf2e182cbc4e4518c5a3,0x7252285488ea813162eb990c1544c584fd839c38226aa8950dba3e9f4fc4dd1f,0,2021-03-29T23:45:06Z,0x5d3a536e4d6dbd6114cc1ead35777bab948e3643,159567
0xcbbd9fe837a14258286bbf2e182cbc4e4518c5a3,0x9c4f7459aded7ba8dd6cadb37bae20402bec60b71a7a497bddbfc94d6406c087,0,2021-02-07T15:04:45Z,0x4ddc2d193948926d02f9b1fe9e1daa0718270ed5,200847
0xcbbd9fe837a14258286bbf2e182cbc4e4518c5a3,0x64bf25d5f4e5d385999d60fa31f86d6caa24f0e6fcac18851eefcaba905e7fc6,0,2021-01-27T03:29:15Z,0x4ddc2d193948926d02f9b1fe9e1daa0718270ed5,44308
0xcbbd9fe837a14258286bbf2e182cbc4e4518c5a3,0x91b8c927fdbb85ee89e542c63f899dcbeafc282de37d11d6f2a226dad01db8b9,1500000000000000000,2020-12-24T03:58:27Z,0x4ddc2d193948926d02f9b1fe9e1daa0718270ed5,153389
0xcbbd9fe837a14258286bbf2e182cbc4e4518c5a3,0xdee0be213569c004c1fba4e1d733fd2543309abfd69d5a7f3343c18036ea397e,0,2020-12-16T14:20:02Z,0x5d3a536e4d6dbd6114cc1ead35777bab948e3643,382127
0xcbbd9fe837a14258286bbf2e182cbc4e4518c5a3,0x922722042f1de3517f7b9537de15c8ee618026f5c28bfcb2269a0f3798c807db,1688621579565056598,2020-12-14T03:10:29Z,0x4ddc2d193948926d02f9b1fe9e1daa0718270ed5,158164
0xcbbd9fe837a14258286bbf2e182cbc4e4518c5a3,0x7e504de2b5acf187e47c40a39ae5d3718737f233166dcb9a6df1bb5b573580ad,0,2020-12-12T23:18:55Z,0x5d3a536e4d6dbd6114cc1ead35777bab948e3643,359395
0xcbbd9fe837a14258286bbf2e182cbc4e4518c5a3,0xa775d22108d498bc80c935cd953a609983e15279995ebe7e1e213f9c6f418d49,0,2020-12-02T13:14:14Z,0x5d3a536e4d6dbd6114cc1ead35777bab948e3643,308076
0xcbbd9fe837a14258286bbf2e182cbc4e4518c5a3,0x62b7c27cf019c303b9411041d8d93d8c7cd337fa0224d2471cc31df0c32d2003,0,2020-10-28T12:10:12Z,0x5d3a536e4d6dbd6114cc1ead35777bab948e3643,362312
0xcbbd9fe837a14258286bbf2e182cbc4e4518c5a3,0x68a280da3bb3c90675774a2aad67ce359cb2595fbe142e0743c4759565e5f3c6,1200000000000000000,2020-10-28T12:07:45Z,0x4ddc2d193948926d02f9b1fe9e1daa0718270ed5,138428
0xcbbd9fe837a14258286bbf2e182cbc4e4518c5a3,0xb4f22bc979de07b8c9fba3530b1bfa3569823868761c3f7269619e4e47da10cd,2000000000000000000,2020-10-25T20:16:59Z,0x4ddc2d193948926d02f9b1fe9e1daa0718270ed5,138428
0xcbbd9fe837a14258286bbf2e182cbc4e4518c5a3,0x8983fc150ee3791134ff9c15fe74fe5becfd9669f03cf140530f081a2e502c40,2000000000000000000,2020-10-25T19:22:45Z,0x4ddc2d193948926d02f9b1fe9e1daa0718270ed5,132020
0xcbbd9fe837a14258286bbf2e182cbc4e4518c5a3,0xba68deb020bbbe5c112c6f5c2276bee23561add80fab1d405f0bd9f39e1d9c2f,0,2020-10-25T19:17:20Z,0x5d3a536e4d6dbd6114cc1ead35777bab948e3643,278007
0xcbbd9fe837a14258286bbf2e182cbc4e4518c5a3,0xb8945f020e3ef57ef2803ab9dbab7e3474c281d1a6e3f3a944d96a05d0f0df67,2500000000000000000,2020-10-25T19:13:52Z,0x4ddc2d193948926d02f9b1fe9e1daa0718270ed5,132020
0xcbbd9fe837a14258286bbf2e182cbc4e4518c5a3,0xd264628f0fbd3515dfb595149acd5906aa7e01bc649e71703036b8b1735fc607,2946188435822127225,2020-10-25T19:09:00Z,0x4ddc2d193948926d02f9b1fe9e1daa0718270ed5,132020
0xcbbd9fe837a14258286bbf2e182cbc4e4518c5a3,0x83bf5d2058e7a4acd9772f1454c51df84ea6fe508b7d009af14977f2dbe61457,0,2020-10-25T18:43:10Z,0x5d3a536e4d6dbd6114cc1ead35777bab948e3643,283497
0xcbbd9fe837a14258286bbf2e182cbc4e4518c5a3,0xee87de9afddce6fea982c7969b26f29cfaa196151fcc20da3c0ffe281b1d3d25,0,2020-10-21T01:23:37Z,0x5d3a536e4d6dbd6114cc1ead35777bab948e3643,283869
0xcbbd9fe837a14258286bbf2e182cbc4e4518c5a3,0x01333dafb100147e4e8121f6f86194c21f53a5bbe8397dcde6953d9293715807,0,2020-10-21T01:04:19Z,0x5d3a536e4d6dbd6114cc1ead35777bab948e3643,432417
0xcbbd9fe837a14258286bbf2e182cbc4e4518c5a3,0x9ee7f6e15bd4f4c6019ae1e03dcd7d22f8c792c58e94bb7cdafc75925670ef90,2000000000000000000,2020-10-21T00:32:43Z,0x4ddc2d193948926d02f9b1fe9e1daa0718270ed5,164190
0xcecf5163bb057c1aff4963d9b9a7d2f0bf591710,0x3687501b2a64ab629210db7dccf61802c9661549c3647f148f0bb7641cc71a5e,4972693100000000,2020-12-05T20:40:11Z,0x4ddc2d193948926d02f9b1fe9e1daa0718270ed5,164190
0xcecf5163bb057c1aff4963d9b9a7d2f0bf591710,0xb194c55d036e69ff1d6c1cc888afc9bb51a8d3202b76853d4f639823e4be53a7,0,2020-11-22T05:34:11Z,0x39aa39c021dfbae8fac545936693ac917d5e7563,205845
0xcf0033bf27804640e5339e06443e208db5870dd2,0x561c5cffbd8b2c0bb69a90677e698bab7c7b60166a654e786ca5b5760c9eb5ec,0,2020-11-09T09:30:34Z,0x39aa39c021dfbae8fac545936693ac917d5e7563,202784
0xd0df53e296c1e3115fccc3d7cdf4ba495e593b56,0x53af5fb9bf23a05d7ccb6afa1726c11c2fd10e7a783422fc4835f36383700bf4,0,2020-11-17T21:21:17Z,0x39aa39c021dfbae8fac545936693ac917d5e7563,174552
0xd1a3888fd8f490367c6104e10b4154427c02dd9c,0x89cef373376a9b11d1fc7a10ee2fc949f2514a4d26436de863eaa50e435ccbd0,0,2020-11-01T06:58:15Z,0x39aa39c021dfbae8fac545936693ac917d5e7563,174552
0xd334d18fa6bada9a10f361bae42a019ce88a3c33,0x477c46a45af88828a97e8bc20286dff1334431dd2f9dc3fe1863d1154fdb3337,5727190500000000,2020-11-19T08:23:33Z,0x4ddc2d193948926d02f9b1fe9e1daa0718270ed5,135958
0xd334d18fa6bada9a10f361bae42a019ce88a3c33,0x32f084b72ae8bc9ade8484bdad0c08743f176feaa63146708f01ad1b791ac69b,0,2020-11-19T06:59:39Z,0x39aa39c021dfbae8fac545936693ac917d5e7563,184749
0xd9d3930ffa343f5a0eec7606d045d0843d3a02b4,0x6c9b8be255a37f9a3e14e9ad7ce4f02938baaaf78c1f03dfc0c5f5d6038c52ee,6455035000000000,2020-12-11T09:42:02Z,0x4ddc2d193948926d02f9b1fe9e1daa0718270ed5,164151
0xdde73df7bd4d704a89ad8421402701b3a460c6e9,0xbce692aa769ace682d7f2e4f8e88a50bb8d18c58888c123a3aad1f1d0f9a45e8,0,2021-11-16T06:19:08Z,0x4ddc2d193948926d02f9b1fe9e1daa0718270ed5,147714
0xdde73df7bd4d704a89ad8421402701b3a460c6e9,0x3a382a6005ac5320e7af0110f1104bdfe06c1a38f72c7692b26f5cc1cc6e7555,300000000000000000,2021-05-05T10:55:34Z,0x4ddc2d193948926d02f9b1fe9e1daa0718270ed5,160537
0xde92d70253604fd8c5998c8ee3ed282a41b33b7f,0x250f306707d8adf86be1bc2d96d8649211bca86e5abd0b857d90fd6a20bdd24d,0,2020-11-20T20:51:29Z,0x39aa39c021dfbae8fac545936693ac917d5e7563,177613
0xded1f838ae6aa5fcd0f13481b37ee88e5bdccb3d,0x733522d61a8782ef6c3c6be3597f9ce13999c9b2ed5bb2becce5352dd6313724,0,2020-12-14T06:48:14Z,0x39aa39c021dfbae8fac545936693ac917d5e7563,185887
0xded1f838ae6aa5fcd0f13481b37ee88e5bdccb3d,0x1168593b828befaab22c58b01e013ff3e25d0cffad9e185699d2bd029dd145ca,0,2020-12-14T06:47:09Z,0x39aa39c021dfbae8fac545936693ac917d5e7563,202745
0xebb8629e8a3ec86cf90cb7600264415640834483,0xc6aa4ebe42d139df64ebb79b1d4031aa6a7112584e5206394008a70f1ec8b643,0,2022-01-21T14:23:03Z,0x39aa39c021dfbae8fac545936693ac917d5e7563,144368
0xebb8629e8a3ec86cf90cb7600264415640834483,0xd0e759910f581b3f036497437d97a22a84c1927f4688afac2c4d278ca845506d,0,2021-11-22T19:32:31Z,0x39aa39c021dfbae8fac545936693ac917d5e7563,200032
0xeded1c8c0a0c532195b8432153f3bfa81dba2a90,0xf38c2a86fcb849a0d654de60fcf5441cb64fe757e535d22581a449f0f3776ce9,1258906000000000,2021-07-18T17:46:12Z,0x4ddc2d193948926d02f9b1fe9e1daa0718270ed5,160493
0xf54f36bca969800fd7d63a68029561309938c09b,0x1aec5c2af00befe24af97892334de1b8d8b2dc1c0b8dcdc70a65d684db149ef2,0,2020-12-14T07:49:21Z,0x39aa39c021dfbae8fac545936693ac917d5e7563,174525
0xf67e8e5805835465f7eba988259db882ab726800,0xcf94baf33bee99193a0c7dc72394b876ff407d53a05dcfbe30d0ee0ec6cd2f40,0,2020-12-17T23:22:54Z,0x39aa39c021dfbae8fac545936693ac917d5e7563,177586
0xf7aa5d0752cfcd41b0a5945867d619a80c405e52,0x281486ce415822f21d9d870789b329637523ba95beade8a58ec82938b67e8584,0,2020-10-31T19:42:17Z,0x39aa39c021dfbae8fac545936693ac917d5e7563,174552
0xfe5a05c0f8b24fca15a7306f6a4ebb7dcf2186ac,0xe76b49f4a25d49d8e5279e905ca683488f1a21313e57393f57124634bdcd7761,0,2020-10-21T18:51:46Z,0x39aa39c021dfbae8fac545936693ac917d5e7563,202784
